{"cameraMode":{"drawMode":0,"name":"Shaded","section":"Shading Mode"},"sceneLighting":true,"audioPlay":false,"sceneViewState":{"m_AlwaysRefresh":false,"showFog":true,"showSkybox":true,"showFlares":true,"showImageEffects":true,"showParticleSystems":true,"showVisualEffectGraphs":true,"m_FxEnabled":true},"in2DMode":false,"pivot":{"x":-2.4414851665496828,"y":-19.291555404663087,"z":172.7674102783203},"rotation":{"x":-0.1886189877986908,"y":-0.02496160753071308,"z":0.012032615020871163,"w":-0.9823299050331116},"size":27.924161911010743,"orthographic":false}