{"cameraMode":{"drawMode":0,"name":"Shaded","section":"Shading Mode"},"sceneLighting":true,"audioPlay":false,"sceneViewState":{"m_AlwaysRefresh":false,"showFog":true,"showSkybox":true,"showFlares":true,"showImageEffects":true,"showParticleSystems":true,"showVisualEffectGraphs":true,"m_FxEnabled":true},"in2DMode":false,"pivot":{"x":2.0352792739868166,"y":8.406075477600098,"z":55.54924392700195},"rotation":{"x":0.29011836647987368,"y":-0.12584735453128816,"z":0.03855723515152931,"w":0.9479517340660095},"size":1.0308363437652588,"orthographic":false}