{"cameraMode":{"drawMode":0,"name":"Shaded","section":"Shading Mode"},"sceneLighting":true,"audioPlay":false,"sceneViewState":{"m_AlwaysRefresh":false,"showFog":true,"showSkybox":true,"showFlares":true,"showImageEffects":true,"showParticleSystems":true,"showVisualEffectGraphs":true,"m_FxEnabled":true},"in2DMode":false,"pivot":{"x":-0.2972334325313568,"y":1.1718701124191285,"z":-0.14848610758781434},"rotation":{"x":-0.11818909645080567,"y":-0.12388134747743607,"z":0.014860757626593113,"w":-0.9851593971252441},"size":3.1655097007751467,"orthographic":true}