{"cameraMode":{"drawMode":0,"name":"Shaded","section":"Shading Mode"},"sceneLighting":true,"audioPlay":false,"sceneViewState":{"m_AlwaysRefresh":false,"showFog":true,"showSkybox":true,"showFlares":true,"showImageEffects":true,"showParticleSystems":true,"showVisualEffectGraphs":true,"m_FxEnabled":true},"in2DMode":false,"pivot":{"x":-2.438555955886841,"y":0.21532785892486573,"z":-1.5651506185531617},"rotation":{"x":0.22114717960357667,"y":0.5810091495513916,"z":-0.16796864569187165,"w":0.7650815844535828},"size":1.7279175519943238,"orthographic":false}