{"cameraMode":{"drawMode":0,"name":"Shaded","section":"Shading Mode"},"sceneLighting":true,"audioPlay":false,"sceneViewState":{"m_AlwaysRefresh":false,"showFog":true,"showSkybox":true,"showFlares":true,"showImageEffects":true,"showParticleSystems":true,"showVisualEffectGraphs":true,"m_FxEnabled":true},"in2DMode":false,"pivot":{"x":-8.120376586914063,"y":14.023591041564942,"z":42.45354080200195},"rotation":{"x":0.2508789002895355,"y":-0.40239471197128298,"z":0.11566547304391861,"w":0.8727899789810181},"size":19.135887145996095,"orthographic":false}