{"cameraMode":{"drawMode":0,"name":"Shaded","section":"Shading Mode"},"sceneLighting":true,"audioPlay":false,"sceneViewState":{"m_AlwaysRefresh":false,"showFog":true,"showSkybox":true,"showFlares":true,"showImageEffects":true,"showParticleSystems":true,"showVisualEffectGraphs":true,"m_FxEnabled":true},"in2DMode":false,"pivot":{"x":-5.350930213928223,"y":0.11511707305908203,"z":-1.4277474880218506},"rotation":{"x":0.09379002451896668,"y":-0.7857457399368286,"z":0.12312629818916321,"w":0.5989442467689514},"size":4.340654373168945,"orthographic":false}