{"cameraMode":{"drawMode":0,"name":"Shaded","section":"Shading Mode"},"sceneLighting":true,"audioPlay":false,"sceneViewState":{"m_AlwaysRefresh":false,"showFog":true,"showSkybox":true,"showFlares":true,"showImageEffects":true,"showParticleSystems":true,"showVisualEffectGraphs":true,"m_FxEnabled":true},"in2DMode":false,"pivot":{"x":-0.06453610211610794,"y":0.21649527549743653,"z":0.0930408239364624},"rotation":{"x":-0.2481568306684494,"y":0.6711909174919128,"z":-0.2563312351703644,"w":-0.6497906446456909},"size":2.821640729904175,"orthographic":false}