{"cameraMode":{"drawMode":0,"name":"Shaded","section":"Shading Mode"},"sceneLighting":true,"audioPlay":false,"sceneViewState":{"m_AlwaysRefresh":false,"showFog":true,"showSkybox":true,"showFlares":true,"showImageEffects":true,"showParticleSystems":true,"showVisualEffectGraphs":true,"m_FxEnabled":true},"in2DMode":false,"pivot":{"x":-2.1347744464874269,"y":3.687697410583496,"z":-4.933213233947754},"rotation":{"x":-0.007307694759219885,"y":0.9995205998420715,"z":0.04708731546998024,"w":0.004102831240743399},"size":6.705367088317871,"orthographic":false}